{
  "baseline": {
    "accuracy": [
      0.4388185739517212,
      0.5921237468719482,
      0.6751055121421814,
      0.7215189933776855,
      0.7679324746131897,
      0.800281286239624,
      0.8298171758651733,
      0.8874824047088623,
      0.9015471339225769,
      0.9156118035316467,
      0.947960615158081,
      0.9353023767471313,
      0.9395217895507812,
      0.947960615158081,
      0.952180027961731,
      0.9535865187644958,
      0.9774965047836304,
      0.9662446975708008,
      0.9662446975708008,
      0.9774965047836304,
      0.954992949962616,
      0.952180027961731,
      0.9831223487854004,
      0.9803094267845154,
      0.9746835231781006
    ],
    "loss": [
      1.4782239198684692,
      1.0761635303497314,
      0.9107171297073364,
      0.7444077730178833,
      0.6618207097053528,
      0.5496806502342224,
      0.4701426029205322,
      0.33787068724632263,
      0.2920323610305786,
      0.24893330037593842,
      0.18711651861667633,
      0.1831151247024536,
      0.16908684372901917,
      0.15647074580192566,
      0.1367659717798233,
      0.14388135075569153,
      0.07295726239681244,
      0.0898660197854042,
      0.10128442198038101,
      0.07131372392177582,
      0.12157101184129715,
      0.13869212567806244,
      0.055280935019254684,
      0.04610158130526543,
      0.09138040244579315
    ],
    "val_accuracy": [
      0.5263158082962036,
      0.5986841917037964,
      0.7039473652839661,
      0.7434210777282715,
      0.7828947305679321,
      0.8223684430122375,
      0.8092105388641357,
      0.8355262875556946,
      0.8486841917037964,
      0.8618420958518982,
      0.8815789222717285,
      0.875,
      0.8815789222717285,
      0.8618420958518982,
      0.8815789222717285,
      0.8815789222717285,
      0.8881579041481018,
      0.8421052694320679,
      0.875,
      0.8815789222717285,
      0.8421052694320679,
      0.8881579041481018,
      0.8881579041481018,
      0.8947368264198303,
      0.8881579041481018
    ],
    "val_loss": [
      1.1960340738296509,
      0.9380513429641724,
      0.7764859199523926,
      0.692405104637146,
      0.7131409645080566,
      0.67265784740448,
      0.5099241137504578,
      0.5007402300834656,
      0.4348428547382355,
      0.420989453792572,
      0.44889333844184875,
      0.374255895614624,
      0.40299004316329956,
      0.4163264334201813,
      0.5098428130149841,
      0.39182159304618835,
      0.40752270817756653,
      0.6898838877677917,
      0.5271201729774475,
      0.4193652868270874,
      0.6775755882263184,
      0.3605464994907379,
      0.4638521373271942,
      0.464547723531723,
      0.41059431433677673
    ]
  },
  "optimized": {
    "accuracy": [
      0.4388185739517212,
      0.5921237468719482,
      0.6751055121421814,
      0.7215189933776855,
      0.7679324746131897,
      0.800281286239624,
      0.8298171758651733,
      0.8874824047088623,
      0.9015471339225769,
      0.9156118035316467,
      0.947960615158081,
      0.9353023767471313,
      0.9395217895507812,
      0.947960615158081,
      0.952180027961731,
      0.9535865187644958,
      0.9817159175872803,
      0.9803094267845154,
      0.9845288395881653,
      0.9859353303909302,
      0.9873417615890503,
      0.9901546835899353,
      0.9943740963935852,
      0.9957805871963501
    ],
    "loss": [
      1.4782239198684692,
      1.0761635303497314,
      0.9107171297073364,
      0.7444077730178833,
      0.6618207097053528,
      0.5496806502342224,
      0.4701426029205322,
      0.33787068724632263,
      0.2920323610305786,
      0.24893330037593842,
      0.18711651861667633,
      0.1831151247024536,
      0.16908684372901917,
      0.15647074580192566,
      0.1367659717798233,
      0.14388135075569153,
      0.06137889623641968,
      0.06492897123098373,
      0.03770468756556511,
      0.030106473714113235,
      0.03630361706018448,
      0.03517762944102287,
      0.01816296949982643,
      0.0136297307908535
    ],
    "val_accuracy": [
      0.5263158082962036,
      0.5986841917037964,
      0.7039473652839661,
      0.7434210777282715,
      0.7828947305679321,
      0.8223684430122375,
      0.8092105388641357,
      0.8355262875556946,
      0.8486841917037964,
      0.8618420958518982,
      0.8815789222717285,
      0.875,
      0.8815789222717285,
      0.8618420958518982,
      0.8815789222717285,
      0.8815789222717285,
      0.8947368264198303,
      0.8815789222717285,
      0.9013158082962036,
      0.9013158082962036,
      0.875,
      0.8947368264198303,
      0.8947368264198303,
      0.8947368264198303
    ],
    "val_loss": [
      1.1960340738296509,
      0.9380513429641724,
      0.7764859199523926,
      0.692405104637146,
      0.7131409645080566,
      0.67265784740448,
      0.5099241137504578,
      0.5007402300834656,
      0.4348428547382355,
      0.420989453792572,
      0.44889333844184875,
      0.374255895614624,
      0.40299004316329956,
      0.4163264334201813,
      0.5098428130149841,
      0.39182159304618835,
      0.3822551965713501,
      0.5135959386825562,
      0.4759848117828369,
      0.5164831280708313,
      0.5790355205535889,
      0.502840518951416,
      0.5189284086227417,
      0.5086072087287903
    ],
    "learning_rate": [
      0.0010000000474974513,
      0.0010000000474974513,
      0.0010000000474974513,
      0.0010000000474974513,
      0.0010000000474974513,
      0.0010000000474974513,
      0.0010000000474974513,
      0.0010000000474974513,
      0.0010000000474974513,
      0.0010000000474974513,
      0.0010000000474974513,
      0.0010000000474974513,
      0.0010000000474974513,
      0.0010000000474974513,
      0.0010000000474974513,
      0.0010000000474974513,
      0.0005000000237487257,
      0.0005000000237487257,
      0.0005000000237487257,
      0.0005000000237487257,
      0.0002500000118743628,
      0.0002500000118743628,
      0.0002500000118743628,
      0.0002500000118743628
    ]
  },
  "best_config": {
    "lr": 0.001,
    "batch": 32,
    "dropout": 0.3
  },
  "trials": [
    {
      "lr": 0.001,
      "batch": 32,
      "dropout": 0.3,
      "val_loss": 0.4154425859451294,
      "val_accuracy": 0.8486841917037964
    },
    {
      "lr": 0.001,
      "batch": 32,
      "dropout": 0.5,
      "val_loss": 0.45460209250450134,
      "val_accuracy": 0.8486841917037964
    },
    {
      "lr": 0.001,
      "batch": 64,
      "dropout": 0.5,
      "val_loss": 0.47679057717323303,
      "val_accuracy": 0.7960526347160339
    },
    {
      "lr": 0.0001,
      "batch": 32,
      "dropout": 0.3,
      "val_loss": 0.7273439764976501,
      "val_accuracy": 0.7171052694320679
    },
    {
      "lr": 0.0001,
      "batch": 64,
      "dropout": 0.3,
      "val_loss": 0.8561851382255554,
      "val_accuracy": 0.6578947305679321
    },
    {
      "lr": 0.01,
      "batch": 64,
      "dropout": 0.3,
      "val_loss": 0.9423928260803223,
      "val_accuracy": 0.6447368264198303
    },
    {
      "lr": 0.01,
      "batch": 32,
      "dropout": 0.5,
      "val_loss": 1.0569788217544556,
      "val_accuracy": 0.6052631735801697
    },
    {
      "lr": 0.01,
      "batch": 64,
      "dropout": 0.5,
      "val_loss": 1.1050434112548828,
      "val_accuracy": 0.5986841917037964
    }
  ],
  "test_metrics": {
    "baseline": {
      "accuracy": 0.869281045751634,
      "precision": 0.848685221783048,
      "recall": 0.8514890282131661,
      "f1": 0.8480118265161322
    },
    "optimized": {
      "accuracy": 0.8562091503267973,
      "precision": 0.8544220093243863,
      "recall": 0.8202455590386625,
      "f1": 0.8310592489592076
    }
  }
}